{
  "poly": [
    "1",
    "x1",
    "x2",
    "x1^2",
    "x1 x2",
    "x2^2"
  ],
  "algo": {
    "intercept": [
      2.308934184733804
    ],
    "coef": [
      [
        1.0690560257985529,
        -0.04339683447297561,
        0.025199468343367906,
        -7.092692194128906,
        0.0028940534104497755,
        -7.165002826879094
      ]
    ]
  }
}